"","date","arrivals_domestic","arrivals_international","arrivals_ontime","arrivals_delayed","arrivals_cancelled","arrivals_passengers","departures_domestic","departures_international","departures_ontime","departures_delayed","departures_cancelled","departures_passengers","temp","precipitation","during_covid"
"1","1990-01-01",290,233,0.781259151,0.203513909,0.013836018,1627316,276,248,0.835760047,0.15157251,0.012667443,1573672,57.1,0.04,0
"2","1990-02-01",283,232,0.770038559,0.215686275,0.012388219,1495792,280,251,0.818599311,0.170821716,0.010578973,1490162,55,0.09,0
"3","1990-03-01",294,228,0.799927114,0.188994169,0.008892128,1718599,278,264,0.865322056,0.125930745,0.008747199,1757344,57.5,0,0
"4","1990-04-01",271,230,0.820615797,0.173136992,0.005800982,1643042,266,252,0.889399215,0.105637455,0.004963331,1674712,62.5,0.01,0
"5","1990-05-01",273,244,0.763291052,0.230054758,0.005891731,1719822,264,261,0.887723415,0.107307984,0.004968601,1745654,62.7,0.03,0
"6","1990-06-01",288,256,0.763007744,0.225716615,0.009509578,1894435,274,270,0.86246865,0.129600759,0.00793059,1942269,67.5,0.0406382978723404,0
"7","1990-07-01",271,263,0.827174125,0.165162045,0.006624667,2111460,265,280,0.894139028,0.099370416,0.006490556,2054150,71.4,0,0
"8","1990-08-01",262,263,0.768738278,0.222789886,0.007566449,2265548,266,273,0.841138422,0.152587322,0.006274256,2334195,69.6,0,0
"9","1990-09-01",291,248,0.825761812,0.16571149,0.006919206,1775873,279,267,0.887071978,0.105939902,0.00698812,1739423,71,0.0406382978723404,0
"10","1990-10-01",267,260,0.784610169,0.200745763,0.010101695,1728588,268,288,0.872495939,0.115592853,0.011911207,1732237,69.5,0,0
"11","1990-11-01",253,249,0.8130384,0.180026281,0.005475252,1668357,248,257,0.877265058,0.1179664,0.004768542,1679482,64.1,0,0
"12","1990-12-01",286,260,0.669763699,0.315165703,0.013461116,1750237,281,277,0.770153376,0.218506942,0.011339682,1767525,56.8,0,0
"13","1991-01-01",269,244,0.747352722,0.235495899,0.016181954,1680701,273,257,0.79889971,0.184670285,0.016430005,1661753,57.2,0.04,0
"14","1991-02-01",268,233,0.696785981,0.268250145,0.029897849,1397069,257,242,0.767567568,0.201580042,0.030852391,1380817,59.8,0.09,0
"15","1991-03-01",252,243,0.653230133,0.333128975,0.011954939,1651391,241,258,0.7710466,0.217035905,0.011917494,1649231,55,0.13,0
"16","1991-04-01",252,226,0.771544157,0.218380276,0.009312266,1665027,248,250,0.844335654,0.14579668,0.009867666,1689948,61,0.0406382978723404,0
"17","1991-05-01",237,228,0.806912096,0.184598047,0.0081142,1812029,247,244,0.877227276,0.11615668,0.006616044,1814289,60.3,0.0406382978723404,0
"18","1991-06-01",253,245,0.794856369,0.198526094,0.005715145,1938883,240,266,0.866506494,0.127937533,0.005555973,1940977,63.9,0.0406382978723404,0
"19","1991-07-01",237,251,0.781527147,0.21263249,0.004903021,2128949,236,276,0.854563836,0.139948007,0.005488157,2063303,67,0.01,0
"20","1991-08-01",238,245,0.761504457,0.233929995,0.003985796,2259937,228,261,0.826303626,0.169651885,0.004044489,2338563,68.9,0.0406382978723404,0
"21","1991-09-01",248,250,0.815328525,0.176428628,0.0068162,1770240,235,261,0.899113082,0.094472601,0.006414317,1736182,67.8,0,0
"22","1991-10-01",228,255,0.771443875,0.218761956,0.00803428,1764364,227,278,0.872408781,0.120630307,0.006960912,1789733,67.3,0,0
"23","1991-11-01",235,262,0.77073991,0.210281871,0.012572069,1615241,208,274,0.849017415,0.137641796,0.013340789,1659890,63.4,0.0406382978723404,0
"24","1991-12-01",252,259,0.738392997,0.246756292,0.009379397,1820081,233,285,0.796164384,0.19295499,0.010880626,1805975,58.7,0.09,0
"25","1992-01-01",229,268,0.826940994,0.161645963,0.010481366,1654730,226,286,0.858908582,0.131218905,0.009872512,1649832,58.4,0.05,0
"26","1992-02-01",211,268,0.720554855,0.263135771,0.01504834,1478324,220,293,0.808866829,0.176242954,0.014890216,1480412,60.8,0.16,0
"27","1992-03-01",224,267,0.698918035,0.286837394,0.012921305,1668885,218,296,0.802318344,0.184689591,0.012992065,1695952,59.2,0.16,0
"28","1992-04-01",228,277,0.815541727,0.162198819,0.017153343,1647733,212,307,0.878700592,0.105856937,0.015442471,1693214,65.6,0.01,0
"29","1992-05-01",220,288,0.82497889,0.14953558,0.02210793,1691736,204,308,0.881702258,0.093101859,0.025195883,1711804,66.1,0,0
"30","1992-06-01",229,299,0.761019649,0.234124877,0.003869206,1981035,210,314,0.874218573,0.122316788,0.003464638,2041178,65.9,0.0406382978723404,0
"31","1992-07-01",228,309,0.784978447,0.208592095,0.005260466,2255122,221,343,0.883369487,0.112509038,0.004121475,2236702,71.5,0.01,0
"32","1992-08-01",223,317,0.827170302,0.166979633,0.004983389,2382633,215,355,0.883645533,0.1120317,0.004322767,2428589,72.9,0,0
"33","1992-09-01",251,349,0.845054273,0.147530959,0.005733068,1839834,235,378,0.918988884,0.075833714,0.005177402,1852644,70.7,0,0
"34","1992-10-01",238,316,0.826826149,0.157977883,0.013766644,1715734,217,333,0.89885783,0.086639615,0.014502555,1766158,67,0.02,0
"35","1992-11-01",210,310,0.866346701,0.126657447,0.00618238,1659259,201,337,0.91056515,0.08424552,0.005189329,1690975,63.7,0,0
"36","1992-12-01",244,329,0.643447462,0.340653286,0.012514758,1751677,227,356,0.780809031,0.207980558,0.011210411,1785371,55.8,0.13,0
"37","1993-01-01",247,288,0.67383794,0.304177136,0.018922739,1745401,220,307,0.773197492,0.210501567,0.01630094,1694923,56.2,0.34,0
"38","1993-02-01",225,260,0.686077525,0.300675676,0.010579659,1475343,200,266,0.803135735,0.185413547,0.011450718,1502746,57,0.2,0
"39","1993-03-01",226,275,0.791956267,0.186177275,0.019055057,1725904,211,277,0.848430563,0.13295428,0.018615157,1752073,60.5,0.06,0
"40","1993-04-01",223,268,0.83189967,0.162231691,0.0052255,1687779,212,265,0.905176546,0.089950471,0.004872983,1736590,62.8,0,0
"41","1993-05-01",211,277,0.87602285,0.120271731,0.002856261,1830872,211,284,0.936220957,0.060316972,0.003462071,1862304,65.1,0.0406382978723404,0
"42","1993-06-01",237,279,0.808624709,0.185236985,0.004972805,1943856,233,273,0.893872832,0.101425819,0.004701349,1970313,68.3,0.02,0
"43","1993-07-01",225,278,0.854538606,0.141694915,0.003088512,2151637,215,287,0.918317017,0.078843136,0.002839848,2134906,69.5,0.0406382978723404,0
"44","1993-08-01",218,276,0.8412475,0.154974443,0.003185421,2259603,220,279,0.903658896,0.093316613,0.003024491,2323522,69.5,0,0
"45","1993-09-01",255,272,0.818839997,0.172874266,0.00635508,1811709,241,279,0.906568878,0.08721301,0.006218112,1823982,69,0.0406382978723404,0
"46","1993-10-01",226,274,0.810405437,0.183813765,0.005077728,1834365,223,273,0.894564964,0.100380997,0.005054039,1860402,68.4,0,0
"47","1993-11-01",230,258,0.75307309,0.238953488,0.006976744,1758086,222,270,0.843450215,0.150099239,0.006450546,1783755,63.6,0.03,0
"48","1993-12-01",245,267,0.758698819,0.232642822,0.008172844,1833715,236,287,0.853398525,0.139547932,0.007053543,1857267,58.4,0.03,0
"49","1994-01-01",248,259,0.754670397,0.21356267,0.028721916,1714806,239,268,0.822776555,0.148447053,0.028776392,1712372,59.1,0.01,0
"50","1994-02-01",227,241,0.687431193,0.286330275,0.024678899,1542062,221,258,0.79028133,0.187431494,0.022287176,1557873,57,0.16,0
"51","1994-03-01",237,243,0.799639581,0.189957405,0.008682831,1854666,225,262,0.860628315,0.131538148,0.007833537,1902050,60.7,0.03,0
"52","1994-04-01",219,245,0.79402834,0.200657895,0.004217274,1767712,217,261,0.878736842,0.116715789,0.004547368,1818675,60.2,0.01,0
"53","1994-05-01",210,242,0.824545964,0.170973678,0.003600288,1927941,208,267,0.897294709,0.098954593,0.003750698,1945588,62,0,0
"54","1994-06-01",235,267,0.826929209,0.167570153,0.003667092,2075416,227,282,0.895177361,0.100836987,0.003985652,2124654,68.2,0,0
"55","1994-07-01",221,267,0.791468119,0.203388549,0.004235686,2348485,226,276,0.864809628,0.130648702,0.00454167,2317858,67.8,0.0406382978723404,0
"56","1994-08-01",223,267,0.847986853,0.147605886,0.003212071,2380035,217,268,0.886115445,0.111061585,0.00282297,2448451,74.7,0.0406382978723404,0
"57","1994-09-01",230,262,0.872146823,0.123534855,0.003701419,1967609,237,272,0.912036324,0.084115746,0.00384793,1990286,70.6,0,0
"58","1994-10-01",233,264,0.815295815,0.178643579,0.004978355,2016474,230,268,0.875791595,0.119099021,0.005109384,2032312,66.8,0,0
"59","1994-11-01",222,251,0.7198818,0.269737839,0.006288832,1945528,221,248,0.799834512,0.193019407,0.007146081,1964356,57.9,0.02,0
"60","1994-12-01",257,251,0.719630126,0.264699654,0.011999718,2060837,243,267,0.777730886,0.210733629,0.011535486,2078800,57.5,0.03,0
"61","1995-01-01",256,248,0.594077936,0.367889847,0.036227525,1952009,254,262,0.676962161,0.287404733,0.035633106,1949885,56.8,0.41,0
"62","1995-02-01",237,247,0.741393292,0.23051972,0.026170291,1700209,231,257,0.791356295,0.18231433,0.026329375,1720191,61.6,0.02,0
"63","1995-03-01",226,263,0.713619342,0.261480849,0.023388739,2001250,222,269,0.773360494,0.203509002,0.023130503,2044576,60,0.18,0
"64","1995-04-01",212,262,0.7396697,0.24388271,0.015840917,1998111,210,264,0.819855669,0.164699535,0.015444797,2053372,60.5,0.02,0
"65","1995-05-01",206,251,0.693761688,0.28827144,0.017098584,2073890,200,267,0.814889067,0.168738305,0.016372628,2111187,60.3,0.02,0
"66","1995-06-01",213,258,0.670264508,0.31347858,0.015857152,2205160,215,268,0.765129299,0.218475073,0.016395628,2260845,64.3,0.02,0
"67","1995-07-01",211,231,0.765329053,0.218362761,0.015730337,2394793,212,239,0.815426113,0.168967953,0.015605934,2343135,68.2,0,0
"68","1995-08-01",209,228,0.798433093,0.184393607,0.016170479,2506757,216,242,0.810992041,0.173278185,0.015729774,2583186,68.9,0,0
"69","1995-09-01",217,242,0.795217946,0.18846128,0.015380482,2044298,217,246,0.85127964,0.132733257,0.015987103,2058546,70.7,0.0406382978723404,0
"70","1995-10-01",221,241,0.720875988,0.261370999,0.01639238,2095255,217,254,0.79049718,0.192649251,0.016853568,2108584,67.3,0,0
"71","1995-11-01",234,237,0.660064645,0.310157486,0.024344956,2036578,212,247,0.714560836,0.259508907,0.025930257,2059690,62.8,0,0
"72","1995-12-01",248,267,0.591876209,0.376108851,0.027679584,2141769,234,276,0.659954661,0.312308308,0.027737032,2154544,58.9,0.07,0
"73","1996-01-01",235,253,0.591645185,0.358648952,0.046995836,2040794,227,250,0.696396694,0.25738843,0.046214876,2020994,58.2,0.06,0
"74","1996-02-01",237,244,0.611458699,0.357047452,0.028471002,1967209,232,243,0.707507381,0.264867145,0.027625474,1963778,58.3,0.14,0
"75","1996-03-01",228,241,0.711997363,0.266512854,0.019907713,2256281,225,246,0.771136738,0.208698517,0.020164745,2282800,60.1,0.04,0
"76","1996-04-01",251,255,0.787827728,0.194378918,0.016580171,2169249,246,254,0.839466235,0.144561262,0.015972503,2190810,64.2,0.01,0
"77","1996-05-01",244,253,0.769400898,0.210563976,0.01905939,2271336,242,258,0.823108451,0.15835014,0.018541409,2312544,65.9,0,0
"78","1996-06-01",266,264,0.738328117,0.239175796,0.021583203,2424824,263,266,0.795604252,0.183395291,0.021000457,2469051,67.3,0,0
"79","1996-07-01",243,277,0.723452017,0.252042153,0.023819916,2615733,251,270,0.793428108,0.183751091,0.022820801,2580291,69.5,0.0406382978723404,0
"80","1996-08-01",245,267,0.723048442,0.258377044,0.017957421,2726337,251,271,0.771040445,0.211917258,0.017042297,2819975,73.3,0,0
"81","1996-09-01",261,268,0.720571914,0.257752824,0.020695959,2229889,262,277,0.78972786,0.189780069,0.020492071,2217757,69.1,0,0
"82","1996-10-01",261,271,0.619887832,0.35383452,0.023757011,2252748,250,268,0.727238359,0.248566568,0.024195073,2294202,63.8,0.05,0
"83","1996-11-01",248,277,0.707110459,0.259338314,0.030749733,2034823,230,258,0.763720123,0.206569635,0.029710242,2085401,62.1,0.06,0
"84","1996-12-01",268,286,0.554546617,0.406253997,0.035298632,2308804,231,291,0.615989767,0.348001279,0.036008954,2300240,58.2,0.15,0
"85","1997-01-01",250,283,0.613506658,0.345212429,0.038934686,2161761,243,281,0.664342314,0.297179081,0.038478605,2180240,57.3,0.17,0
"86","1997-02-01",236,280,0.75415376,0.218037173,0.026260208,1933043,233,277,0.778645833,0.195171734,0.026182432,1942949,58.7,0,0
"87","1997-03-01",235,283,0.76333737,0.21531009,0.018739244,2334675,232,278,0.782791587,0.198279159,0.018929254,2376836,59.9,0.0406382978723404,0
"88","1997-04-01",239,275,0.793612903,0.185935484,0.019870968,2150789,229,270,0.821656874,0.1588429,0.019500226,2189298,61.8,0.0406382978723404,0
"89","1997-05-01",230,288,0.785794673,0.192572215,0.020257597,2290158,222,281,0.828099587,0.150444139,0.021456274,2349358,67.5,0.0406382978723404,0
"90","1997-06-01",249,287,0.686345458,0.289595633,0.02221799,2432217,252,297,0.756955914,0.220238851,0.022805234,2483930,68.8,0,0
"91","1997-07-01",238,289,0.738955823,0.238590727,0.021175612,2593049,234,290,0.80086422,0.176860812,0.022274968,2593750,69.4,0.0406382978723404,0
"92","1997-08-01",234,286,0.72321591,0.257988237,0.017583217,2728154,235,293,0.766931425,0.215303462,0.017765112,2824495,72.9,0.0406382978723404,0
"93","1997-09-01",254,295,0.853786569,0.124447859,0.020869343,2217169,250,287,0.87510408,0.105040671,0.019855249,2222380,74.7,0.01,0
"94","1997-10-01",251,285,0.766693684,0.206746056,0.025437995,2208326,233,275,0.813096352,0.161334581,0.025569068,2258234,68.5,0.0406382978723404,0
"95","1997-11-01",219,272,0.744935237,0.233344404,0.020724012,2114478,214,281,0.794338494,0.186125324,0.019536182,2199911,63.2,0.09,0
"96","1997-12-01",240,293,0.738968702,0.237172909,0.022319138,2264785,238,282,0.773692653,0.20391402,0.022393327,2256557,56.9,0.13,0
"97","1998-01-01",233,285,0.71753942,0.241061579,0.039841672,2109422,220,292,0.770892811,0.196080976,0.033026213,2103298,56.2,0.12,0
"98","1998-02-01",230,295,0.750589075,0.201785077,0.046697608,1865311,214,287,0.717708858,0.238756566,0.043534576,1897155,55.1,0.49,0
"99","1998-03-01",213,292,0.761209326,0.209582373,0.027863182,2197551,209,292,0.771804218,0.201510023,0.026685759,2249102,58,0.11,0
"100","1998-04-01",243,292,0.702658245,0.268390578,0.02710883,2257702,235,293,0.806709695,0.173322576,0.019967729,2298626,57.2,0.03,0
"101","1998-05-01",240,295,0.765368075,0.203832532,0.029850746,2382040,232,285,0.795146324,0.177795081,0.027058595,2407938,61,0.08,0
"102","1998-06-01",242,292,0.692376339,0.278939317,0.027919429,2458068,239,284,0.780923317,0.191610934,0.027465749,2511882,64.7,0,0
"103","1998-07-01",231,287,0.738558849,0.235706313,0.024556617,2645525,234,285,0.822505946,0.149580673,0.027913381,2617124,69.5,0,0
"104","1998-08-01",215,284,0.735600024,0.237211848,0.026336598,2721558,229,282,0.813467299,0.159947579,0.026585122,2767337,72.1,0.0406382978723404,0
"105","1998-09-01",245,287,0.69284721,0.272688796,0.033859363,2268600,246,285,0.827985682,0.129710381,0.042303938,2268648,70.4,0,0
"106","1998-10-01",237,281,0.771334664,0.1998474,0.027233243,2290816,228,285,0.834562764,0.142740054,0.022697182,2322652,65.6,0.0406382978723404,0
"107","1998-11-01",225,272,0.769887559,0.203535566,0.025735073,2213961,214,272,0.833577128,0.141289894,0.025132979,2247686,59.7,0.06,0
"108","1998-12-01",263,285,0.809751875,0.170571264,0.018753606,2328408,244,290,0.746035855,0.227752249,0.026211896,2338666,55.5,0.02,0
"109","1999-01-01",258,277,0.71753942,0.241061579,0.039841672,2230047,242,293,0.782436555,0.178360485,0.03920296,2211121,57.1,0.04,0
"110","1999-02-01",230,252,0.750589075,0.201785077,0.046697608,2031951,221,265,0.794102949,0.160062826,0.045834226,2039538,56.5,0.02,0
"111","1999-03-01",234,262,0.761209326,0.209582373,0.027863182,2411130,220,280,0.802499199,0.170201858,0.027298943,2455478,55.7,0.07,0
"112","1999-04-01",242,269,0.702658245,0.268390578,0.02710883,2378091,235,283,0.777016793,0.196378005,0.026605203,2399633,58.4,0.07,0
"113","1999-05-01",241,263,0.765368075,0.203832532,0.029850746,2443125,230,269,0.813591496,0.156099722,0.030308783,2484906,63.4,0.0406382978723404,0
"114","1999-06-01",251,274,0.692376339,0.278939317,0.027919429,2566676,237,295,0.78263641,0.190081591,0.027281999,2620107,65,0.02,0
"115","1999-07-01",241,274,0.738558849,0.235706313,0.024556617,2827137,229,289,0.791751938,0.183503876,0.024744186,2807337,70.3,0.0406382978723404,0
"116","1999-08-01",243,263,0.735600024,0.237211848,0.026336598,2823375,232,281,0.770976574,0.202555522,0.026467904,2889697,68.8,0,0
"117","1999-09-01",250,288,0.69284721,0.272688796,0.033859363,2373836,238,296,0.752313555,0.21375431,0.033932136,2375898,67.8,0,0
"118","1999-10-01",258,277,0.771334664,0.1998474,0.027233243,2485697,234,283,0.806190169,0.166147883,0.027661949,2516604,68.1,0,0
"119","1999-11-01",255,268,0.769887559,0.203535566,0.025735073,2422944,235,266,0.781633389,0.192807313,0.025559298,2457483,60.5,0.01,0
"120","1999-12-01",254,281,0.809751875,0.170571264,0.018753606,2401430,245,286,0.813373369,0.168091004,0.018535628,2456404,59.2,0.0406382978723404,0
"121","2000-01-01",246,266,0.697282262,0.261285276,0.040389407,2300115,244,266,0.769048033,0.191088707,0.03986326,2268785,58.4,0.03,0
"122","2000-02-01",235,267,0.614086754,0.335664765,0.048837352,2215568,242,267,0.695729537,0.255614186,0.048656277,2233914,57.7,0.16,0
"123","2000-03-01",237,260,0.713181357,0.249463943,0.035549035,2563863,237,269,0.759325095,0.204390271,0.036284634,2589547,57.9,0.08,0
"124","2000-04-01",253,272,0.698288996,0.26760811,0.03298957,2574160,234,274,0.747054341,0.220587373,0.032358286,2610045,61,0.06,0
"125","2000-05-01",245,267,0.697232803,0.257450146,0.044644858,2658943,233,265,0.745308912,0.210384809,0.044306279,2679408,64.3,0.0406382978723404,0
"126","2000-06-01",260,271,0.624446212,0.336192207,0.037828013,2785597,236,278,0.679920477,0.282590173,0.03748935,2872165,68,0,0
"127","2000-07-01",251,259,0.666540295,0.29592721,0.03617851,3021671,240,279,0.706293328,0.258611352,0.035095321,2976834,68.6,0,0
"128","2000-08-01",246,258,0.666418069,0.296878329,0.035425101,2966515,237,279,0.697144075,0.269234868,0.033621057,3020946,70.8,0,0
"129","2000-09-01",259,269,0.735158518,0.235016222,0.028117707,2491846,258,280,0.788763661,0.182547814,0.028688525,2489972,69.6,0,0
"130","2000-10-01",278,275,0.590854589,0.366688467,0.039295836,2545398,276,294,0.676863515,0.283167021,0.039969464,2561582,63.6,0.04,0
"131","2000-11-01",310,273,0.66991523,0.294158353,0.033619745,2470850,298,274,0.725259516,0.240657439,0.034083045,2487713,58.1,0,0
"132","2000-12-01",341,286,0.614281714,0.334192103,0.04866984,2501801,312,294,0.679331988,0.271015467,0.049652544,2536306,58.4,0.0406382978723404,0
"133","2001-01-01",341,276,0.720921212,0.226424242,0.050909091,2380456,329,288,0.746256361,0.204749213,0.048994427,2362315,54.9,0.15,0
"134","2001-02-01",315,266,0.608246866,0.346195417,0.044314743,2122929,308,275,0.711591462,0.243771954,0.044636585,2137495,54.2,0.26,0
"135","2001-03-01",320,291,0.707523205,0.251636541,0.039716659,2570421,323,293,0.748141991,0.21293761,0.038920399,2610687,57.8,0.04,0
"136","2001-04-01",316,278,0.702550295,0.267831742,0.028703516,2583102,318,294,0.773362468,0.198638142,0.02799939,2620275,57.1,0.04,0
"137","2001-05-01",317,276,0.743474435,0.227490468,0.028350767,2600487,320,288,0.803958944,0.167644184,0.028396872,2640464,63.9,0,0
"138","2001-06-01",337,287,0.74751717,0.221997134,0.029892781,2776832,322,308,0.797517801,0.17434731,0.028134889,2846164,67.4,0.0406382978723404,0
"139","2001-07-01",320,284,0.766007375,0.211819357,0.021454911,3005603,317,302,0.809881745,0.168525877,0.021592378,2972631,67.8,0.0406382978723404,0
"140","2001-08-01",298,275,0.754324763,0.225556724,0.019114977,3014015,292,288,0.808424173,0.173742589,0.017833238,3115730,68.4,0,0
"141","2001-09-01",310,281,0.660930631,0.13214324,0.203548837,1669031,281,289,0.679463807,0.116568365,0.203967828,1640223,67.8,0,0
"142","2001-10-01",241,262,0.839932865,0.139367191,0.019767514,1780765,235,264,0.853160777,0.128795421,0.018043803,1791422,65.2,0,0
"143","2001-11-01",252,258,0.860070671,0.128480565,0.010671378,1839131,231,261,0.867331072,0.121996042,0.010672887,1821509,60.6,0.04,0
"144","2001-12-01",238,268,0.809500592,0.179633628,0.010029951,1944249,230,277,0.824045695,0.166411257,0.009543048,2014507,55.6,0.04,0
"145","2002-01-01",224,272,0.819342814,0.167955267,0.01208063,1956405,226,269,0.857241522,0.131155467,0.011603011,2038148,55.4,0.02,0
"146","2002-02-01",230,256,0.869043208,0.120581042,0.009412288,1776992,225,246,0.873212301,0.117525009,0.00926269,1781048,58.9,0.01,0
"147","2002-03-01",223,252,0.807208276,0.180799895,0.010739935,2182844,208,255,0.845824552,0.14416491,0.010010537,2214277,58,0.01,0
"148","2002-04-01",222,254,0.8147506,0.175180048,0.009402507,2034738,223,250,0.864834212,0.126092468,0.00907332,2031604,58.9,0,0
"149","2002-05-01",220,238,0.839525843,0.148875151,0.010961698,2166491,220,240,0.870704495,0.11864839,0.010647115,2193467,61.8,0,0
"150","2002-06-01",233,249,0.830318193,0.158262766,0.011226585,2310226,236,247,0.839738243,0.149355232,0.010906525,2374871,65.7,0,0
"151","2002-07-01",232,215,0.844411529,0.144664568,0.010491884,2515301,245,215,0.843495433,0.145951617,0.01055295,2535836,68.5,0,0
"152","2002-08-01",229,211,0.846017483,0.143651812,0.009536035,2588580,233,213,0.844728474,0.14640411,0.008867417,2619700,67.6,0.0406382978723404,0
"153","2002-09-01",244,216,0.895307336,0.094910773,0.009451421,1957490,239,218,0.911399101,0.08000529,0.00859561,1924138,67.6,0,0
"154","2002-10-01",314,226,0.831558691,0.152533675,0.015394484,2113078,314,227,0.871526664,0.113521145,0.014952191,2143851,62.8,0,0
"155","2002-11-01",311,210,0.829518278,0.155790912,0.012777588,2014238,307,204,0.870480487,0.117626956,0.011892557,2058474,63.7,0.05,0
"156","2002-12-01",355,221,0.808431658,0.180299616,0.01060586,2297669,350,216,0.838746023,0.15164369,0.009610286,2341283,56.3,0.06,0
"157","2003-01-01",346,219,0.888550328,0.093632185,0.016991169,2165080,341,221,0.901081837,0.084062322,0.014855841,2104736,62.1,0.0406382978723404,0
"158","2003-02-01",318,200,0.830764791,0.151572872,0.016565657,1845538,316,196,0.879866004,0.103557814,0.016576181,1845682,58.1,0.14,0
"159","2003-03-01",305,212,0.893542848,0.092876841,0.011811228,2105738,298,209,0.909753684,0.078945998,0.011300318,2115715,59.2,0.05,0
"160","2003-04-01",300,214,0.904820353,0.086643606,0.008033921,1991439,292,198,0.925971416,0.067273336,0.006755248,2001808,58.3,0.02,0
"161","2003-05-01",300,204,0.871492278,0.121002828,0.006852295,2091082,289,191,0.917464635,0.076278564,0.006256801,2099836,61.1,0.03,0
"162","2003-06-01",289,203,0.854728632,0.139259019,0.005470697,2287873,303,204,0.892282697,0.102626591,0.005090712,2364133,65.1,0.0406382978723404,0
"163","2003-07-01",272,209,0.868618813,0.123348018,0.0075149,2575287,266,203,0.886463788,0.107003992,0.00653222,2562948,71.5,0,0
"164","2003-08-01",290,196,0.871033086,0.121175921,0.007323534,2578551,290,200,0.889934002,0.103414229,0.006651769,2600281,71,0.0406382978723404,0
"165","2003-09-01",292,209,0.907891844,0.082215872,0.00939767,1982661,294,206,0.93154451,0.060372794,0.008082696,1972482,67.8,0,0
"166","2003-10-01",318,205,0.835450377,0.129816054,0.030622464,2093711,313,204,0.873377651,0.096074707,0.030547642,2115634,67.4,0.02,0
"167","2003-11-01",322,202,0.804784584,0.18037992,0.012700498,2071690,317,205,0.869250986,0.119086728,0.011662286,2101413,59.6,0.03,0
"168","2003-12-01",345,212,0.798529714,0.186047707,0.014548633,2298104,325,211,0.839205802,0.147934777,0.012859421,2319936,56.7,0.04,0
"169","2004-01-01",330,204,0.810214048,0.169991687,0.018651288,2153963,335,195,0.849513806,0.133222401,0.017263793,2100842,56.8,0.02,0
"170","2004-02-01",299,194,0.835455053,0.149190396,0.014126186,2002015,292,188,0.856623609,0.130515014,0.012861377,1996922,55.6,0.16,0
"171","2004-03-01",320,195,0.856747192,0.131097092,0.011694107,2312986,317,189,0.876738338,0.112485247,0.010776415,2363734,61,0.02,0
"172","2004-04-01",318,198,0.863142345,0.129840667,0.006014562,2389505,326,195,0.883218997,0.111029024,0.005751979,2397700,62.1,0,0
"173","2004-05-01",303,196,0.836443525,0.153838201,0.008942879,2393577,329,189,0.878173639,0.114070014,0.007756347,2416379,66.7,0,0
"174","2004-06-01",321,203,0.773440748,0.217879418,0.007900208,2575160,322,203,0.822853877,0.169299522,0.007846602,2667787,66.8,0.0406382978723404,0
"175","2004-07-01",316,204,0.800639135,0.189233038,0.009537856,2834063,327,204,0.83194021,0.1593077,0.00875209,2814013,69.3,0,0
"176","2004-08-01",331,209,0.797133246,0.194090976,0.00833699,2816352,338,209,0.835697918,0.156013846,0.008288236,2803451,69.3,0,0
"177","2004-09-01",339,208,0.863717092,0.11591099,0.016506477,2241571,327,212,0.880514322,0.103596069,0.015889609,2215183,72.5,0.0406382978723404,0
"178","2004-10-01",351,207,0.79586668,0.192128457,0.011093101,2363041,345,213,0.853921767,0.136653831,0.009424402,2367492,63.6,0.12,0
"179","2004-11-01",331,211,0.845396642,0.145075538,0.008264463,2276931,331,213,0.863897225,0.129047544,0.007055231,2291766,58.9,0,0
"180","2004-12-01",365,212,0.728640679,0.250050495,0.019743486,2391142,336,218,0.767861657,0.214238762,0.01789958,2456051,57.3,0.21,0
"181","2005-01-01",339,220,0.71624064,0.25928221,0.022876323,2333580,345,220,0.768136925,0.21076581,0.021097265,2260846,57.4,0.22,0
"182","2005-02-01",307,206,0.743882826,0.244916715,0.010338886,2034270,307,218,0.803608366,0.1861641,0.010227534,2025996,58.1,0.25,0
"183","2005-03-01",316,215,0.815912237,0.173527452,0.009637566,2446297,315,223,0.843447038,0.148653501,0.007899461,2496733,58.6,0.03,0
"184","2005-04-01",311,215,0.850884223,0.140887963,0.007800395,2338809,319,220,0.872180049,0.12038918,0.007430771,2314656,59.9,0.03,0
"185","2005-05-01",297,212,0.848358784,0.143118056,0.007812896,2465596,302,214,0.871911936,0.120580328,0.007507736,2482368,63.9,0.01,0
"186","2005-06-01",314,215,0.782179231,0.20763601,0.009468243,2608362,322,216,0.825806452,0.165591398,0.008602151,2694976,64.9,0.0406382978723404,0
"187","2005-07-01",314,215,0.794983642,0.19381382,0.010805988,2894526,300,224,0.815373171,0.175303744,0.009323085,2856950,68.6,0.0406382978723404,0
"188","2005-08-01",309,219,0.812419911,0.176885165,0.009955643,2810824,310,226,0.834073197,0.157097761,0.008829042,2802006,69.6,0,0
"189","2005-09-01",322,218,0.821640654,0.166430186,0.011298544,2340749,309,226,0.852863899,0.135943248,0.011192853,2300237,67.6,0.01,0
"190","2005-10-01",323,224,0.834569809,0.152550232,0.012261721,2357758,320,224,0.850788578,0.138233172,0.01097825,2360185,65,0.03,0
"191","2005-11-01",317,209,0.837406671,0.154536177,0.007949723,2293504,298,211,0.862385814,0.130037614,0.007576572,2304739,63.8,0.02,0
"192","2005-12-01",339,222,0.752121181,0.232418927,0.014314716,2357131,332,212,0.785684518,0.201291936,0.013023547,2444905,59,0.03,0
"193","2006-01-01",323,221,0.806454993,0.177774285,0.014618045,2331114,321,217,0.829434596,0.157767754,0.01279765,2242115,58.1,0.05,0
"194","2006-02-01",318,214,0.748647404,0.232761598,0.016288707,2045964,297,211,0.787335792,0.197971883,0.014692325,2045103,59,0.07,0
"195","2006-03-01",299,216,0.735900051,0.249515553,0.013717491,2439996,316,223,0.773017087,0.214282071,0.012700842,2464078,54.7,0.08,0
"196","2006-04-01",319,209,0.766467066,0.223941498,0.009061523,2452795,308,214,0.804856067,0.186502677,0.008641255,2445179,59.4,0.05,0
"197","2006-05-01",295,195,0.810239288,0.178833409,0.010067284,2478733,292,203,0.837945864,0.152137617,0.009916519,2485834,64.4,0.02,0
"198","2006-06-01",295,217,0.783535502,0.204689641,0.010912044,2585406,290,212,0.813773825,0.175959339,0.010266836,2698914,69.2,0,0
"199","2006-07-01",291,211,0.773818821,0.211294416,0.012543928,2873447,291,211,0.802313098,0.185340621,0.012346281,2810749,74.3,0,0
"200","2006-08-01",302,220,0.747067626,0.239079017,0.01255008,2773677,293,202,0.798706314,0.18975671,0.011536976,2749647,70.8,0,0
"201","2006-09-01",326,230,0.767725527,0.216339666,0.015156234,2299722,314,209,0.831343439,0.154173588,0.014482973,2268496,68.8,0.0406382978723404,0
"202","2006-10-01",330,228,0.730149194,0.252778612,0.015920697,2353691,320,214,0.799268977,0.186360905,0.014370118,2352261,65.9,0.0406382978723404,0
"203","2006-11-01",348,220,0.781559763,0.202286673,0.015524204,2322672,330,211,0.816435768,0.168450882,0.01511335,2322176,63.6,0.01,0
"204","2006-12-01",350,235,0.749111478,0.229814286,0.020473545,2399501,353,222,0.760797675,0.220513077,0.018689247,2493190,57.3,0.02,0
"205","2007-01-01",339,244,0.75829865,0.220840524,0.019236626,2361654,325,229,0.795612654,0.185598944,0.018788402,2254248,54.5,0.01,0
"206","2007-02-01",322,230,0.726031246,0.248847926,0.023603462,2083793,313,221,0.766835301,0.211017426,0.022147274,2067864,57.5,0.03,0
"207","2007-03-01",340,227,0.794160147,0.189346754,0.015745677,2511006,322,221,0.810010469,0.174186151,0.01580338,2542196,60,0,0
"208","2007-04-01",332,235,0.799769549,0.187031897,0.01215105,2510042,315,224,0.82083377,0.167120561,0.012045669,2483882,60.1,0.01,0
"209","2007-05-01",302,241,0.826548311,0.164013876,0.009029691,2535070,306,227,0.854416492,0.136857682,0.008725825,2545578,62.1,0,0
"210","2007-06-01",314,226,0.750025702,0.237123471,0.012388198,2670183,317,226,0.793801717,0.194223159,0.011975125,2763172,64.8,0.0406382978723404,0
"211","2007-07-01",311,237,0.737476099,0.251099426,0.010946463,2943264,321,230,0.780752498,0.208442893,0.010804609,2910581,69.9,0,0
"212","2007-08-01",325,235,0.751849744,0.235581484,0.012141909,2900060,321,224,0.789014325,0.199791291,0.011194384,2905875,71.3,0.0406382978723404,0
"213","2007-09-01",339,240,0.819615424,0.168175806,0.011700071,2345329,321,223,0.850658932,0.138197731,0.011143337,2297245,68.3,0.02,0
"214","2007-10-01",319,227,0.795426725,0.192528032,0.011653528,2434343,315,217,0.838180572,0.150656091,0.011163337,2422806,66.3,0.02,0
"215","2007-11-01",351,227,0.759399644,0.224930043,0.013838718,2388515,335,223,0.813618062,0.174404974,0.011976963,2397335,61.5,0.02,0
"216","2007-12-01",361,230,0.648600534,0.329097023,0.021115617,2446891,352,227,0.711083622,0.269124196,0.019792182,2521081,55.8,0.05,0
"217","2008-01-01",351,246,0.664574984,0.310377557,0.023729171,2376501,334,220,0.726207443,0.252414885,0.021377672,2301722,55.9,0.15,0
"218","2008-02-01",308,226,0.718083586,0.261620262,0.019267052,2125943,308,207,0.764043016,0.218281661,0.017675323,2135312,56.8,0.07,0
"219","2008-03-01",315,213,0.744499494,0.238080017,0.015715732,2512558,322,211,0.787735095,0.197506527,0.014758378,2525636,60.1,0,0
"220","2008-04-01",310,238,0.776410761,0.208388014,0.014654418,2406618,308,239,0.824655436,0.161069788,0.014274776,2366189,62.7,0,0
"221","2008-05-01",299,227,0.750869428,0.238381284,0.010275055,2529165,290,239,0.81799494,0.172253848,0.009751212,2542407,64.1,0,0
"222","2008-06-01",304,245,0.706911772,0.282286961,0.010178117,2642243,308,237,0.777777778,0.211937042,0.01028518,2736191,68.4,0,0
"223","2008-07-01",292,212,0.792154685,0.194214459,0.01302504,2818536,302,196,0.81777329,0.170916435,0.011310275,2783620,69.8,0,0
"224","2008-08-01",297,216,0.808762673,0.18078833,0.009879992,2767080,309,201,0.833514577,0.15794107,0.008544353,2762272,70,0.0406382978723404,0
"225","2008-09-01",286,206,0.879708011,0.107962213,0.011532327,2157292,289,194,0.891737717,0.098264123,0.00999816,2125173,68.6,0.0406382978723404,0
"226","2008-10-01",271,201,0.87155096,0.11633678,0.010576071,2224383,280,193,0.885147111,0.105104573,0.009748316,2249312,68.9,0.0406382978723404,0
"227","2008-11-01",287,201,0.873765593,0.113565489,0.011369543,2037632,286,194,0.875446922,0.113371904,0.011181174,2069239,64,0.05,0
"228","2008-12-01",313,196,0.66576003,0.309884404,0.021326575,2233530,296,190,0.724547197,0.25604253,0.019410274,2259069,54.9,0.08,0
"229","2009-01-01",288,197,0.827507886,0.155141956,0.016214511,2091331,281,183,0.851410184,0.133573096,0.01501672,2020129,60.1,0.02,0
"230","2009-02-01",261,194,0.807474048,0.178615917,0.012595156,1851223,245,179,0.838221054,0.15002075,0.011758196,1847655,56.2,0.12,0
"231","2009-03-01",274,196,0.82438281,0.160926547,0.013776288,2222865,253,188,0.854825925,0.131882202,0.013291872,2242364,57.7,0,0
"232","2009-04-01",267,195,0.845440102,0.14502701,0.009024468,2258059,257,186,0.862691501,0.128853855,0.008454644,2256216,60.2,0.0406382978723404,0
"233","2009-05-01",287,182,0.863799062,0.127375957,0.008392989,2258485,267,174,0.876350392,0.115994814,0.007654794,2259941,63.9,0.0406382978723404,0
"234","2009-06-01",288,186,0.766660625,0.221738868,0.010392121,2415709,282,181,0.806601777,0.182697539,0.010700683,2502369,65,0.01,0
"235","2009-07-01",286,194,0.811601672,0.178205348,0.009047701,2714571,272,187,0.830612362,0.160451395,0.008936243,2696618,68.4,0,0
"236","2009-08-01",285,188,0.837434146,0.154808082,0.006542002,2678393,282,191,0.857779837,0.135502924,0.006717239,2644525,68.8,0,0
"237","2009-09-01",288,186,0.904185868,0.088581669,0.006592422,2200485,270,186,0.902137737,0.092165899,0.005696365,2181784,69.9,0.0406382978723404,0
"238","2009-10-01",290,176,0.770652375,0.218197499,0.009363642,2307503,275,185,0.809561949,0.181504528,0.008933522,2318240,65,0.04,0
"239","2009-11-01",301,182,0.910724675,0.08087142,0.00691706,2118459,286,184,0.90755705,0.08552589,0.00691706,2159852,61.5,0,0
"240","2009-12-01",333,186,0.758667322,0.224674207,0.015490534,2341212,308,189,0.773697484,0.211662668,0.014639847,2367157,56.2,0.07,0
"241","2010-01-01",317,179,0.815737052,0.163471116,0.019546813,2224324,317,179,0.821401892,0.160234064,0.018364044,2175338,58.4,0.14,0
"242","2010-02-01",295,179,0.821486486,0.151621622,0.025202703,1912873,281,185,0.825954714,0.149442379,0.024602906,1919605,57.5,0.12,0
"243","2010-03-01",292,178,0.853224083,0.134069588,0.011459447,2362957,291,178,0.84617668,0.142721444,0.011101876,2374057,59.8,0.01,0
"244","2010-04-01",283,187,0.859024629,0.132581791,0.007229506,2320851,286,192,0.858587096,0.133999142,0.007413761,2318601,58.5,0.04,0
"245","2010-05-01",272,181,0.823407775,0.166253102,0.008980267,2428534,263,186,0.834987593,0.156327543,0.008684864,2426844,61,0,0
"246","2010-06-01",288,182,0.798083624,0.191463415,0.009639954,2588923,292,200,0.805261935,0.186026252,0.008711813,2669293,64.6,0.0406382978723404,0
"247","2010-07-01",283,179,0.800725446,0.189508929,0.008761161,2820184,290,192,0.814568797,0.176779235,0.008651968,2781624,65.7,0.0406382978723404,0
"248","2010-08-01",299,180,0.83368858,0.157729414,0.007964999,2753504,298,186,0.830547453,0.161992372,0.007460175,2744163,65.8,0,0
"249","2010-09-01",279,173,0.85485553,0.137108153,0.00662536,2323228,284,182,0.874900301,0.119025707,0.006073992,2298083,66.8,0,0
"250","2010-10-01",282,172,0.818537395,0.172276876,0.008296788,2424846,277,186,0.825522839,0.16606434,0.008412821,2422715,65.6,0.05,0
"251","2010-11-01",322,172,0.822307306,0.168340447,0.007469244,2284049,304,182,0.839736347,0.153609542,0.006654112,2303236,61.4,0.02,0
"252","2010-12-01",333,184,0.702029299,0.278097983,0.018611912,2422392,303,185,0.713573873,0.267995437,0.01843069,2422523,58.2,0.28,0
"253","2011-01-01",300,171,0.793486216,0.18595999,0.019394974,2291334,311,181,0.81154292,0.169849308,0.018607773,2254657,59.2,0.03,0
"254","2011-02-01",289,175,0.738165285,0.238566462,0.02126237,2032625,282,173,0.790750518,0.189667847,0.019581635,2029447,55.3,0.05,0
"255","2011-03-01",303,173,0.764437514,0.22020097,0.013398013,2448137,312,182,0.793753615,0.193927126,0.01231926,2457653,57.9,0.13,0
"256","2011-04-01",302,172,0.764140142,0.222292191,0.012766201,2458630,297,178,0.812696958,0.175385321,0.011917722,2464816,61.8,0.0406382978723404,0
"257","2011-05-01",316,174,0.788443461,0.1980094,0.012109483,2631098,299,191,0.809568584,0.178650442,0.011780973,2627665,62.4,0.02,0
"258","2011-06-01",334,178,0.767826275,0.219479257,0.011614088,2755401,331,186,0.792470156,0.196672608,0.010857235,2825909,63.8,0,0
"259","2011-07-01",334,184,0.810570409,0.176501008,0.012049439,3031565,324,184,0.816178752,0.171821661,0.011999586,2979801,68.3,0.0406382978723404,0
"260","2011-08-01",334,187,0.811711805,0.173351251,0.014006616,2921846,338,193,0.820023776,0.166537448,0.013438776,2905726,67.6,0,0
"261","2011-09-01",317,187,0.845293677,0.14554153,0.00818491,2467184,304,186,0.864629576,0.127760161,0.007610262,2474357,66.9,0,0
"262","2011-10-01",305,186,0.825130479,0.163028228,0.011167855,2543464,295,192,0.853999439,0.135840584,0.010159978,2551948,64.5,0.02,0
"263","2011-11-01",358,188,0.799690734,0.186630189,0.009753777,2398430,335,202,0.824918228,0.165447517,0.009634255,2406617,59.1,0.06,0
"264","2011-12-01",376,191,0.830332726,0.152689152,0.01310392,2539640,350,191,0.833817912,0.153811071,0.012371016,2546977,55,0.02,0
"265","2012-01-01",330,184,0.856710224,0.13033481,0.011833324,2431007,332,194,0.859761224,0.129364946,0.01087383,2387790,59.4,0.04,0
"266","2012-02-01",315,172,0.860021272,0.129342945,0.009867644,2202098,310,183,0.87039225,0.12039225,0.009215501,2193793,57.1,0,0
"267","2012-03-01",323,184,0.816457697,0.17031925,0.012432831,2590802,324,183,0.811149752,0.177468648,0.0113816,2611431,57.1,0.06,0
"268","2012-04-01",317,170,0.839454585,0.15108863,0.008467121,2563943,310,178,0.841020285,0.150788852,0.008190864,2542911,59.7,0.05,0
"269","2012-05-01",316,174,0.856617451,0.136080166,0.006609456,2653319,315,176,0.853419327,0.140450935,0.006129737,2657085,63,0,0
"270","2012-06-01",317,187,0.797555189,0.190220755,0.011450382,2804686,304,193,0.799731807,0.190107793,0.0101604,2873489,65.3,0,0
"271","2012-07-01",301,185,0.788654988,0.199715393,0.010353796,3061340,287,196,0.785984198,0.203710065,0.010305737,3015888,66.6,0.0406382978723404,0
"272","2012-08-01",320,183,0.807554672,0.183499006,0.008200795,2992935,315,192,0.798747453,0.193498683,0.007753865,2987841,72.2,0,0
"273","2012-09-01",319,167,0.810264644,0.178662385,0.009910309,2496339,302,170,0.82986265,0.160666814,0.009470536,2478428,72.2,0.0406382978723404,0
"274","2012-10-01",303,170,0.74925856,0.230520356,0.019466163,2555917,299,172,0.788176277,0.192944603,0.01887912,2563214,69,0,0
"275","2012-11-01",340,170,0.830714936,0.154599271,0.012522769,2412303,322,182,0.828854475,0.159986336,0.011159189,2438490,62.7,0.04,0
"276","2012-12-01",338,172,0.729929016,0.254883619,0.013371485,2526623,308,184,0.761356753,0.227355322,0.011287925,2562195,56.5,0.09,0
"277","2013-01-01",305,163,0.84435709,0.145331282,0.009115251,2413134,314,180,0.860502192,0.131298753,0.008199055,2399188,56.5,0.04,0
"278","2013-02-01",291,169,0.83618643,0.14869424,0.013245033,2159048,294,165,0.854778264,0.133041849,0.012179888,2159215,56.1,0.01,0
"279","2013-03-01",302,166,0.819019893,0.168418783,0.011051809,2643890,303,180,0.823339085,0.166792494,0.009868421,2656046,59.2,0.02,0
"280","2013-04-01",309,165,0.782963572,0.201862503,0.01347576,2610341,313,178,0.808107368,0.179019447,0.012873185,2588890,62.2,0,0
"281","2013-05-01",301,165,0.820300199,0.171197649,0.007347539,2771118,308,176,0.827439664,0.165634837,0.006925498,2791266,66.5,0.01,0
"282","2013-06-01",314,168,0.740738869,0.246828726,0.011168949,2973754,326,173,0.75698903,0.232141954,0.010869016,3025286,67.9,0,0
"283","2013-07-01",314,173,0.758043572,0.224258164,0.016688309,3193537,321,184,0.776837245,0.207483648,0.015679107,3130724,69,0,0
"284","2013-08-01",339,179,0.774919141,0.215230814,0.009212977,3069853,345,181,0.780142192,0.211130179,0.008727629,3092286,68.6,0.0406382978723404,0
"285","2013-09-01",306,169,0.827406199,0.162533986,0.009407287,2591886,310,175,0.830181502,0.160797739,0.009020759,2571069,70.2,0,0
"286","2013-10-01",308,168,0.817884636,0.173679215,0.007328904,2694741,311,179,0.836539982,0.156133045,0.007326973,2715026,65.7,0,0
"287","2013-11-01",326,172,0.824852794,0.155371625,0.015553827,2461449,318,189,0.826128028,0.156701489,0.017170482,2493171,64.1,0.02,0
"288","2013-12-01",362,175,0.729223505,0.25703043,0.012067156,2868238,353,188,0.742599202,0.245905942,0.011494856,2817811,59,0.01,0
"289","2014-01-01",348,169,0.755007037,0.217332467,0.025928332,2659812,371,185,0.767112169,0.208754938,0.024132893,2626175,61.3,0.0406382978723404,0
"290","2014-02-01",307,162,0.701811594,0.271316425,0.024637681,2284537,312,169,0.735752234,0.240642357,0.023605409,2290016,59.7,0.1,0
"291","2014-03-01",326,172,0.773875151,0.212631911,0.012390403,2804394,314,185,0.802006197,0.187647708,0.010346095,2825916,62.4,0.01,0
"292","2014-04-01",309,180,0.794005068,0.194889212,0.008625802,2790504,305,186,0.808347714,0.183886972,0.007765315,2762021,62.6,0.01,0
"293","2014-05-01",304,181,0.78693928,0.201936447,0.010351754,2936233,315,185,0.798331015,0.192345336,0.009323649,2958814,68.9,0,0
"294","2014-06-01",335,181,0.719134057,0.267804803,0.012238392,3096777,337,189,0.740518039,0.248535307,0.010946654,3174978,67.6,0,0
"295","2014-07-01",329,179,0.774177712,0.214825724,0.010211095,3386162,346,184,0.77906006,0.211314639,0.009625301,3307777,71.8,0,0
"296","2014-08-01",336,179,0.779607803,0.211230635,0.008029235,3257314,348,183,0.782978066,0.209813613,0.00720832,3278625,71.2,0,0
"297","2014-09-01",332,166,0.841967586,0.14995735,0.007563264,2703991,336,177,0.84774575,0.144863267,0.007390983,2695175,73,0,0
"298","2014-10-01",310,174,0.830457243,0.162123544,0.006265113,2839731,312,183,0.83510083,0.159074674,0.005824496,2857517,70,0.01,0
"299","2014-11-01",333,176,0.808389557,0.183279554,0.007685538,2644253,346,183,0.813379456,0.18005394,0.006566604,2673400,64.9,0.01,0
"300","2014-12-01",357,181,0.689036023,0.293345304,0.014700931,2910909,365,199,0.700876306,0.285810583,0.013313111,2897651,58.2,0.13,0
"301","2015-01-01",346,181,0.809312255,0.17447496,0.015001154,2697538,365,195,0.814359862,0.171164937,0.014475202,2662664,59.8,0.04,0
"302","2015-02-01",319,173,0.761101243,0.214222279,0.022456229,2432788,304,200,0.785496764,0.193757137,0.020746098,2428025,61,0.01,0
"303","2015-03-01",354,202,0.746140175,0.240919693,0.01088526,2935940,362,204,0.76762518,0.222216054,0.010158765,2978854,64.5,0.02,0
"304","2015-04-01",322,193,0.789446486,0.203089113,0.006258613,2891069,333,210,0.809742647,0.184340533,0.00591682,2878592,62.2,0,0
"305","2015-05-01",317,189,0.790021137,0.203248415,0.006007342,3079215,314,205,0.796684653,0.197919564,0.005395784,3090512,61,0.01,0
"306","2015-06-01",343,189,0.735195772,0.249002265,0.014939057,3234506,361,200,0.741272325,0.24361949,0.015108185,3346413,66.3,0,0
"307","2015-07-01",336,196,0.68019623,0.302556158,0.014872192,3582132,331,201,0.712250271,0.273140261,0.014609468,3509193,70.3,0.01,0
"308","2015-08-01",341,200,0.740321744,0.246081993,0.012869746,3463092,333,201,0.761588373,0.225746172,0.012665455,3460813,72.8,0,0
"309","2015-09-01",316,191,0.826678092,0.16652385,0.005712654,2931166,305,205,0.84627693,0.147779873,0.005943197,2930635,75.1,0.06,0
"310","2015-10-01",328,197,0.867354417,0.127459271,0.004397091,3079989,322,201,0.866877256,0.128892148,0.004230596,3120545,74,0,0
"311","2015-11-01",351,189,0.812913807,0.179371925,0.006317196,2907682,347,202,0.821131296,0.173036029,0.005832675,2926016,62.2,0,0
"312","2015-12-01",374,193,0.72395192,0.260158311,0.012606274,3124759,359,198,0.728894104,0.259606923,0.011498973,3128327,57.3,0.03,0
"313","2016-01-01",354,190,0.790442521,0.190905766,0.018103133,2941275,348,197,0.78352712,0.198271139,0.018201741,2881988,57,0.09,0
"314","2016-02-01",316,197,0.846108912,0.142402804,0.009021873,2670211,309,201,0.835853833,0.15577335,0.008372818,2675448,63,0.03,0
"315","2016-03-01",329,200,0.78266397,0.207165559,0.008956949,3132055,332,213,0.774040684,0.21757975,0.008379565,3189022,60.5,0.05,0
"316","2016-04-01",326,208,0.815897858,0.175158861,0.007707696,3110677,320,220,0.813125368,0.179458505,0.007416127,3069676,63.5,0.01,0
"317","2016-05-01",306,203,0.794155881,0.197648788,0.007573617,3290214,312,217,0.795557314,0.197207778,0.007234908,3322570,62.8,0.02,0
"318","2016-06-01",352,203,0.694840604,0.295197148,0.008703859,3613145,356,220,0.702379704,0.288709508,0.008910787,3735250,66.8,0.0406382978723404,0
"319","2016-07-01",358,218,0.716495104,0.270851117,0.011900577,3948629,356,222,0.724748996,0.263805221,0.011445783,3855718,71.6,0,0
"320","2016-08-01",361,213,0.72683941,0.260027382,0.010749962,3729181,362,224,0.724779479,0.264270506,0.010950015,3714053,70.6,0,0
"321","2016-09-01",329,203,0.804141944,0.190894569,0.004221817,3230615,331,218,0.81074913,0.185199977,0.004050893,3243071,71.1,0,0
"322","2016-10-01",346,206,0.754933022,0.237729976,0.006392085,3347712,337,220,0.773015344,0.220591505,0.006393151,3362202,68.3,0.01,0
"323","2016-11-01",370,202,0.810714076,0.185296016,0.00252303,3168659,356,217,0.807204881,0.190506923,0.002288195,3204189,64.8,0.04,0
"324","2016-12-01",376,212,0.604973456,0.377032691,0.013523331,3331979,376,218,0.648154362,0.338814318,0.01303132,3391140,58.1,0.09,0
"325","2017-01-01",343,203,0.629049957,0.350216575,0.017557031,3202849,362,219,0.669978052,0.314658658,0.01536329,3095307,55.8,0.24,0
"326","2017-02-01",330,204,0.64608076,0.334595879,0.016883867,2715369,325,203,0.689382748,0.295137774,0.015479478,2753749,57.2,0.14,0
"327","2017-03-01",353,214,0.665062241,0.321770401,0.011839557,3292575,345,218,0.70725231,0.280854124,0.011893566,3336994,61,0,0
"328","2017-04-01",332,207,0.685076852,0.3039688,0.010151411,3383766,334,215,0.713990707,0.276028222,0.00998107,3352344,63.6,0.01,0
"329","2017-05-01",339,223,0.596003523,0.390895079,0.011615105,3462606,343,238,0.646100501,0.3428367,0.011062799,3497446,63.3,0,0
"330","2017-06-01",364,220,0.758393964,0.232983023,0.007814605,3683111,357,227,0.74564948,0.247400463,0.006950057,3831807,66.7,0.0406382978723404,0
"331","2017-07-01",363,221,0.800855637,0.192309699,0.006260761,4013440,372,233,0.791477599,0.202628697,0.005893705,3935423,71.7,0,0
"332","2017-08-01",362,227,0.7443132,0.240934647,0.013772115,3897399,366,234,0.749110779,0.237280272,0.013608949,3858860,72,0.0406382978723404,0
"333","2017-09-01",362,222,0.855530086,0.130143266,0.013409742,3287859,350,232,0.85197293,0.134549209,0.013477862,3289348,71.5,0,0
"334","2017-10-01",371,210,0.839058593,0.153114469,0.006250679,3484747,353,223,0.829863565,0.164265913,0.005870522,3487040,71.5,0.0406382978723404,0
"335","2017-11-01",369,212,0.866615898,0.127526214,0.004276258,3273398,377,227,0.857385698,0.138276671,0.004337632,3312281,65.5,0,0
"336","2017-12-01",413,218,0.844990121,0.147784364,0.005362687,3408014,391,236,0.842001242,0.153086001,0.004912756,3481797,61.4,0,0
"337","2018-01-01",370,211,0.844658012,0.141403923,0.012814028,3278778,379,225,0.842256214,0.145540434,0.012203352,3201705,61.9,0.05,0
"338","2018-02-01",344,216,0.798160577,0.190591598,0.008140691,2954739,348,222,0.821936526,0.170796845,0.007266629,2951975,58.4,0,0
"339","2018-03-01",364,225,0.749152542,0.234705408,0.015281141,3485614,355,232,0.75207279,0.232637019,0.015290191,3561395,58.6,0.07,0
"340","2018-04-01",321,213,0.782822757,0.209190372,0.007439825,3515480,334,224,0.803270619,0.189674032,0.007055349,3462762,62,0,0
"341","2018-05-01",314,216,0.790418219,0.200976019,0.007661227,3640753,327,224,0.805603652,0.187103206,0.007293142,3714285,62.9,0,0
"342","2018-06-01",345,226,0.821850648,0.169427672,0.007792744,3819476,348,236,0.822630601,0.169832748,0.007536651,3984599,67.1,0.0406382978723404,0
"343","2018-07-01",350,224,0.806200389,0.181119265,0.011731816,4155685,352,224,0.807617431,0.1819997,0.010382868,4067249,74.5,0,0
"344","2018-08-01",380,216,0.80172896,0.186981948,0.010475464,3980137,372,232,0.793143787,0.196836377,0.010019836,3960063,74.7,0,0
"345","2018-09-01",336,211,0.86202652,0.130308286,0.00716164,3344526,328,220,0.869489819,0.123349743,0.007160439,3334569,70.2,0,0
"346","2018-10-01",345,221,0.806621803,0.185733513,0.005598923,3555399,329,222,0.824185295,0.170643684,0.005171021,3555603,68.7,0.02,0
"347","2018-11-01",368,217,0.841821382,0.150684154,0.006529268,3364671,370,226,0.832170213,0.161191489,0.006638298,3396108,65.1,0.07,0
"348","2018-12-01",374,213,0.808823529,0.182461874,0.00751634,3474097,367,214,0.81416653,0.179344566,0.006488903,3546425,58.7,0.05,0
"349","2019-01-01",367,211,0.800578517,0.181509707,0.016187351,3336155,378,220,0.8162664,0.169112742,0.014620858,3241626,57.5,0.18,0
"350","2019-02-01",334,208,0.7234707,0.250260241,0.02326863,2939073,330,222,0.74434292,0.234623168,0.021033912,2962592,53.6,0.16,0
"351","2019-03-01",355,215,0.780378804,0.199191317,0.019419025,3563208,346,217,0.782074468,0.200106383,0.017819149,3628415,59.5,0.07,0
"352","2019-04-01",338,214,0.832855295,0.150216523,0.015972105,3561338,347,214,0.822348442,0.16303003,0.014621527,3479976,62.7,0,0
"353","2019-05-01",327,199,0.790678614,0.192601901,0.015899902,3678259,332,216,0.791769142,0.192709187,0.01552167,3739779,62.1,0.02,0
"354","2019-06-01",359,202,0.748742388,0.230288589,0.018109611,3855282,369,210,0.739091294,0.242851091,0.018057615,4016487,66.5,0.0406382978723404,0
"355","2019-07-01",343,211,0.80809452,0.179235797,0.0115636,4143562,365,215,0.795032929,0.193705696,0.011261374,4076687,69.4,0,0
"356","2019-08-01",361,204,0.807346856,0.181400747,0.010545968,3994887,373,220,0.807075091,0.182478805,0.010446104,3938353,70.5,0,0
"357","2019-09-01",344,197,0.862889614,0.12630809,0.009845842,3418523,355,207,0.85576869,0.135118411,0.009112899,3402978,73.4,0.0406382978723404,0
"358","2019-10-01",344,206,0.855029586,0.136149463,0.007834758,3495848,346,212,0.854911204,0.137469853,0.007618943,3500730,70.1,0,0
"359","2019-11-01",373,196,0.84029484,0.149248614,0.008913776,3245827,395,205,0.840066282,0.151762756,0.008170962,3330166,63.6,0.05,0
"360","2019-12-01",390,204,0.756808818,0.234094922,0.007865589,3647211,390,204,0.758049826,0.23493169,0.007018484,3647865,58.8,0.14,0
"361","2020-01-01",361,197,0.8684388,0.123018995,0.008036417,3316452,369,208,0.85914939,0.134164841,0.006685769,3223973,59.5,0.01,0
"362","2020-02-01",336,183,0.871777925,0.120170642,0.006369044,2843146,351,191,0.871844193,0.122745852,0.005409954,2819236,61,0.0406382978723404,0
"363","2020-03-01",342,178,0.738646194,0.102670848,0.158466696,1561263,352,186,0.752813244,0.087589266,0.15959749,1606995,59.9,0.13,0
"364","2020-04-01",248,102,0.588219178,0.03369863,0.37739726,159778,238,124,0.59257732,0.031065292,0.376357388,169332,63.6,0.09,1
"365","2020-05-01",157,106,0.928166838,0.031410917,0.039649846,275578,160,118,0.922700335,0.038649833,0.038649833,282472,66,0,1
"366","2020-06-01",188,118,0.94853229,0.049315068,0.000782779,520948,193,140,0.955764337,0.04345273,0.000782932,514105,67.4,0.0406382978723404,1
"367","2020-07-01",202,123,0.940229885,0.052068966,0.007241379,742510,213,147,0.940466613,0.052752557,0.00678083,760948,67.7,0,1
"368","2020-08-01",244,129,0.939108334,0.054220057,0.006248014,833211,243,143,0.941344627,0.052620434,0.006034939,834491,71.5,0,1
"369","2020-09-01",225,125,0.953291384,0.042594385,0.00338819,842542,232,139,0.948814134,0.048160697,0.003025169,858936,70.8,0,1
"370","2020-10-01",245,137,0.928650442,0.06869469,0.001216814,999962,242,144,0.943700918,0.054861188,0.001437894,1008049,69.6,0,1
"371","2020-11-01",291,153,0.915759433,0.07906141,0.004016489,996509,276,149,0.934890604,0.060987211,0.004122186,993129,60.3,0,1
"372","2020-12-01",305,166,0.892764858,0.099085669,0.006956867,915444,297,163,0.901211279,0.091640191,0.007148531,985569,58.6,0.05,1
"373","2021-01-01",314,174,0.91372549,0.076520865,0.008345902,870051,303,170,0.925572519,0.066191241,0.008236239,795880,57.6,0.06,1
"374","2021-02-01",278,163,0.857253428,0.111123397,0.029964617,797280,263,167,0.891246684,0.080017683,0.028735632,791629,57.8,0,1
"375","2021-03-01",299,162,0.894768542,0.096024781,0.008432284,1283673,297,162,0.906848844,0.084300077,0.008851078,1296378,56.5,0.04,1
"376","2021-04-01",329,193,0.904015425,0.09288289,0.002263392,1522281,326,195,0.912377605,0.085613859,0.002008536,1512188,60.9,0.0406382978723404,1
"377","2021-05-01",352,205,0.875918134,0.120444983,0.002424588,2005734,363,212,0.86467988,0.133680308,0.001639812,2003426,62.3,0.0406382978723404,1
"378","2021-06-01",387,210,0.781714705,0.207882015,0.00881219,2387024,394,215,0.77516204,0.21633851,0.00849945,2465265,65.6,0.0406382978723404,1
"379","2021-07-01",365,193,0.766016398,0.22408821,0.008481764,2767494,376,185,0.747285682,0.244741009,0.007973309,2744563,68.8,0,1
"380","2021-08-01",372,189,0.787695071,0.189794544,0.021892893,2585135,375,187,0.768578806,0.210092052,0.021329142,2480124,69.7,0,1
"381","2021-09-01",374,177,0.865725242,0.125327165,0.007851969,2172631,371,177,0.855665085,0.136485335,0.00784958,2150295,68.4,0.0406382978723404,1
"382","2021-10-01",388,182,0.778104076,0.200223188,0.018618583,2437007,386,180,0.769086321,0.21248753,0.018426149,2396647,65.7,0.01,1
"383","2021-11-01",389,200,0.861222724,0.132101131,0.005563454,2445573,388,185,0.838404453,0.1567718,0.004823748,2439804,63.7,0,1
"384","2021-12-01",402,204,0.679197531,0.286666667,0.031296296,2538904,408,208,0.684441153,0.284453496,0.031105351,2589923,55.3,0.27,1
"385","2022-01-01",370,211,0.808685148,0.151258901,0.038784334,1978535,386,200,0.805454892,0.1569712,0.037573908,1898542,59.3,0,1
"386","2022-02-01",341,173,0.828711829,0.14952615,0.020779221,1974999,346,178,0.828150228,0.152404352,0.019445419,1974215,59.9,0,1
"387","2022-03-01",363,197,0.81458622,0.176470588,0.007431666,2554053,368,200,0.818788986,0.174343142,0.006867872,2595446,60.9,0.04,1
"388","2022-04-01",335,209,0.770482462,0.211409396,0.017411675,2693252,342,190,0.780761193,0.202710405,0.016528402,2684901,63,0.01,1
"389","2022-05-01",332,210,0.803153823,0.184647426,0.011663195,2850553,329,206,0.804998512,0.182683725,0.012317763,2881559,63.7,0,1
"390","2022-06-01",345,199,0.74717737,0.232426854,0.019303144,2887327,349,199,0.756674757,0.224089806,0.019235437,3035680,68,0,1
"391","2022-07-01",319,193,0.785042333,0.205315146,0.008936971,3131783,339,196,0.799106618,0.192077113,0.008816269,3073864,69.6,0.0406382978723404,1
"392","2022-08-01",319,194,0.802632363,0.184920493,0.01167292,2992724,336,193,0.81539469,0.173532563,0.011072747,2941841,72.2,0.0406382978723404,0
"393","2022-09-01",349,193,0.845318687,0.148997318,0.004853749,2765647,355,190,0.844133436,0.151137526,0.004729039,2746695,76,0,0
"394","2022-10-01",317,195,0.853867473,0.141093474,0.004346183,2891277,327,196,0.8536862,0.142596093,0.003717706,2862805,68.5,0.01,0
"395","2022-11-01",349,201,0.829941292,0.164448793,0.004892368,2733321,363,206,0.852035491,0.143201983,0.004762526,2773890,60.1,0.06,0
"396","2022-12-01",373,189,0.696391885,0.264958911,0.037044171,2804061,370,196,0.740193876,0.225845798,0.033960326,2867651,56.7,0.09,0
"397","2023-01-01",372,191,0.752009334,0.234249417,0.012250454,2710362,371,183,0.787927905,0.201309647,0.010762448,2592054,55,0.21,0
"398","2023-02-01",343,179,0.747367667,0.229353198,0.01625958,2409500,334,187,0.779574894,0.205181421,0.015243684,2405728,54.9,0.16,0
"399","2023-03-01",355,199,0.708414504,0.278200214,0.011500031,2899970,387,199,0.760087995,0.229666876,0.010245129,2972297,55.5,0.24,0
"400","2023-04-01",344,213,0.786607941,0.200242564,0.012128176,2972377,361,197,0.801915709,0.18614304,0.011941252,2918146,59.1,0,0
